<?xml version="1.0" encoding="utf-8"?>
<!DOCTYPE hibernate-mapping PUBLIC "-//Hibernate/Hibernate Mapping DTD 3.0//EN"
"http://www.hibernate.org/dtd/hibernate-mapping-3.0.dtd">
<!-- 
    Mapping file autogenerated by MyEclipse Persistence Tools
-->
<hibernate-mapping>
    <class name="cn.edu.zjut.po.Merchant" table="merchantinfo" catalog="helpdb">
        <id name="merchantID" type="java.lang.String">
            <column name="merchantID" length="11" />
            <generator class="assigned" />
        </id>
        <property name="merchantUsername" type="java.lang.String">
            <column name="merchantUsername" length="20" />
        </property>
        <property name="merchantPassword" type="java.lang.String">
            <column name="merchantPassword" length="32" />
        </property>
        <property name="merchantIDNum" type="java.lang.String">
            <column name="merchantIDNum" length="18" />
        </property>
        <property name="merchantName" type="java.lang.String">
            <column name="merchantName" length="10" />
        </property>
        <property name="merchantAge" type="java.lang.Integer">
            <column name="merchantAge" />
        </property>
        <property name="merchantPhone" type="java.lang.String">
            <column name="merchantPhone" length="11" />
        </property>
        <property name="shopName" type="java.lang.String">
            <column name="shopName" length="50" />
        </property>
        <property name="shopAddress" type="java.lang.String">
            <column name="shopAddress" length="50" />
        </property>
        <property name="merchantGrade" type="java.lang.Float">
            <column name="merchantGrade" precision="12" scale="0" />
        </property>
        <property name="merchantSex" type="java.lang.Boolean">
            <column name="merchantSex" />
        </property>
        <property name="merchantIMG" type="java.lang.String">
            <column name="merchantIMG" length="200" />
        </property>
        <property name="merchantState" type="java.lang.Boolean">
            <column name="merchantState" />
        </property>
        <property name="merchantSignature" type="java.lang.String">
            <column name="merchantSignature" />
        </property>
    </class>
</hibernate-mapping>