<?xml version="1.0" encoding="utf-8"?>
<!DOCTYPE hibernate-mapping PUBLIC "-//Hibernate/Hibernate Mapping DTD 3.0//EN"
"http://hibernate.sourceforge.net/hibernate-mapping-3.0.dtd">
<hibernate-mapping>
    <class name="cn.edu.zjut.po.Order" table="OrderInfo" catalog="helpdb">
        <id name="orderID" type="java.lang.String">
            <column name="orderID" length="32"/>
            <generator class="uuid"/>
        </id>
        <property name="acceptTime" type="java.util.Date"/>
        <property name="endTime" type="java.util.Date"/>
        <property name="releaseTime" type="java.util.Date"/>
        <property name="startTime" type="java.util.Date"/>
        <property name="ifFinish" type="java.lang.Boolean"/>
        <property name="salary" type="java.lang.Double"/>
        <property name="remark" type="java.lang.String" length="200"/>
        <property name="ifPay" type="java.lang.Boolean"/>
        <many-to-one name="employee" column="employeeID" class="cn.edu.zjut.po.Employee" cascade="all"/>
        <many-to-one name="merchant" column="merchantID" class="cn.edu.zjut.po.Merchant" cascade="all"/>
    </class>
</hibernate-mapping>